sentence1,sentence2,matching
black leather wallet with a silver zipper on the main quad near the library contains a student ID and some cash, black wallet with a zipper near the library quad has my student ID and some money,95
Picked up a blue water bottle with a white cap on the bus stop bench at 5th Street,A blue bottle with a cap was left on the 5th Street bus stop,90
Silver keychain with three keys and a small car fob found in the cafeteria,A set of keys with a car remote on a silver chain in the dining hall,92
pair of wireless earbuds in a black case near the gym entrance,black-cased wireless earphones by the gym,88
Red backpack with a laptop sleeve found in lecture hall B,red bag with my laptop in it in hall B,94
Black iPhone with a cracked screen left on the park bench,Found an iPhone with a broken screen in the park,91
Gold watch with a brown leather strap found in the parking lot,gold-colored watch with a brown band in the lot,93
Blue notebook with a spiral binding found in the study lounge,blue spiral-bound notebook in the lounge area,89
green umbrella with a wooden handle in the coffee shop,green umbrella with a wood grip at the cafe,87
Pair of black gloves found on the subway platform,black mittens on the train platform,86
silver laptop charger in the computer lab,laptop power cord in the lab,90
Black sunglasses with a hard case found near the fountain,dark shades with a case by the water fountain,92
small brown purse with a gold clasp in the restroom,brown handbag with a gold clip in the bathroom,94
White USB drive with a red cap found in the library study room,white flash drive with a red top in the library,91
gray hoodie with a logo on the front in the locker room,grey sweatshirt with a logo in the gym lockers,93
Blue credit card holder found near the ATM,blue wallet with my cards near the cash machine,88
pair of prescription glasses with a black frame in the lecture hall,black-framed glasses in the classroom,90
Silver ring with a blue stone found on the sidewalk,silver ring with a blue gem on the street,92
black baseball cap with a red logo in the park,black hat with a red emblem in the park,89
set of earphones with a tangled cord in the bus,wired earbuds on the bus,86
brown leather journal with a strap in the bookstore,brown notebook with a leather tie in the shop,91
pink phone case with glitter in the cafeteria,sparkly pink phone cover in the dining area,93
black duffel bag with a side pocket in the gym,black gym bag with a side compartment,94
yellow highlighter pen on the library table,yellow marker in the library,87
small black remote control in the lounge,remote for my TV in the common room,90
red scarf with white polka dots in the hallway,red and white dotted scarf in the corridor,92
silver necklace with a heart pendant in the classroom,heart-shaped silver necklace in class,91
green plastic lunchbox in the kitchen area,green lunch container in the break room,89
black bike lock with a combination dial in the bike rack,combination bike lock at the rack,93
white charger cable with a frayed end in the study room,white charging cord with a worn tip in the library,90
blue folder with papers inside in the office,blue binder with documents in the workplace,92
pair of brown leather shoes in the changing room,brown dress shoes in the locker room,91
small black makeup bag in the restroom,black cosmetic pouch in the bathroom,94
red key with a plastic tag in the parking lot,red key with a tag in the car park,89
gray beanie with a logo in the bus,grey knit cap with an emblem on the bus,93
black leather belt with a silver buckle in the store,black belt with a silver clasp in the shop,90
purple water bottle with a straw in the gym,purple bottle with a straw at the fitness center,92
small gold earring on the carpet in the lounge,gold stud earring in the common area,88
blue pen with a chewed cap in the classroom,blue ballpoint pen with a bitten cap in class,91
black smartwatch with a cracked face in the park,black fitness tracker with a cracked screen in the park,94
white tote bag with a floral pattern in the cafe,white bag with flowers on it in the coffee shop,93
set of house keys with a blue keychain in the library,keys with a blue chain in the study area,90
red lipstick in a gold case in the restroom,red lipstick in a gold tube in the bathroom,92
green backpack with a broken strap in the hallway,green bag with a torn strap in the corridor,91
silver USB hub in the computer lab,silver USB splitter in the tech room,89
black jacket with a hood in the auditorium,black hooded coat in the lecture hall,94
pair of blue socks in the laundry room,blue socks in the washroom,90
small brown wallet with a button clasp in the park,brown purse with a snap button in the park,93
white wireless mouse in the office,white computer mouse in the workplace,91
black umbrella with a broken rib in the subway,black umbrella with a bent spoke on the train,92
red notebook with a sticker on the cover in the lounge,red journal with a sticker in the common room,90
silver bracelet with charms in the gym,silver charm bracelet at the fitness center,94
black phone charger with a short cord in the classroom,black charging cable with a short wire in class,91
blue scarf with stripes in the cafeteria,blue striped scarf in the dining hall,93
small black flashlight in the parking lot,black torch in the car park,89
pair of white sneakers with red laces in the locker room,white trainers with red laces in the gym,92
green folder with a logo in the study room,green binder with an emblem in the library,90
black hair tie with a metal clip in the restroom,black scrunchie with a clip in the bathroom,91
silver pen with a logo in the lecture hall,silver branded pen in the classroom,94
red thermos with a black lid in the kitchen,red thermal mug in the break room,93
black laptop sleeve in the bus,seat my grey laptop cover on the bus,90
pair of black mittens in the park bench,black gloves in the park,92
blue plastic cardholder in the sidewalk,blue card case on the street,91
small brown leather keychain in the coffee shop,brown keyholder in the cafe,89
yellow raincoat with a hood in the hallway,yellow hooded raincoat in the corridor,94
silver earbud case with a carabiner in the gym,earbud case with a clip at the gym,93
Black leather wallet with no ID found near the library,Blue nylon wallet with a zipper in the library,30
blue water bottle with a park bench,red thermos in the gym,35
Silver keys with a heart charm found in the cafeteria,black backpack with textbooks in the hall,25
Found wireless earbuds in a white case in the bus,pair of wired headphones in the subway,40
red backpack in the lecture hall,black laptop in the computer lab,20
Black iPhone with a cracked screen in the library,silver Samsung phone with a clear case in the park,45
Gold watch with a metal strap found in the lot,black smartwatch with a rubber band in the gym,30
blue notebook in the lounge,green journal with a clasp in the bookstore,35
green umbrella in the cafe,black raincoat in the hallway,15
Found black gloves in the platform,red scarf in the subway station,25
silver charger in the lab,black USB drive in the library,40
Sunglasses with a soft case found near the fountain,pair of reading glasses in the classroom,30
brown purse in the restroom,black handbag with a zipper in the cafe,35
White USB with a blue cap in the library,silver external drive in the lab,25
gray hoodie in the locker room,blue jacket in the park,45
Blue cardholder found near the ATM,black wallet with cash in the store,30
Found prescription glasses in the hall,contact lenses in the bathroom,20
Silver ring with a green stone on the sidewalk,gold necklace in the gym,15
black cap in the park,red beanie in the bus stop,35
Found earphones with a cord in the bus,Bluetooth speaker in the train,25
brown journal in the bookstore,black planner in the library,40
Pink phone case with sparkles in the cafeteria,clear phone case in the park,30
black duffel in the gym,green backpack in the lecture hall,35
Yellow highlighter on the table,black pen in the classroom,25
black remote in the lounge,silver keychain in the parking lot,20
red scarf in the hallway,blue scarf in the cafeteria,30
Silver necklace with a star pendant in the classroom,gold ring in the sidewalk,15
lunchbox in the kitchen,thermos in the break room,40
bike lock at the rack,bike helmet in the street,25
white cable in the study room,black charger in the office,35
blue folder in the office,red binder in the library,30
Found brown shoes in the changing room,black boots in the gym,25
makeup bag in the restroom,toiletry kit in the locker room,40
red key in the lot,silver keychain in the cafe,20
gray beanie in the bus,black cap in the park,35
black belt in the store,brown belt in the restroom,30
purple bottle in the gym,blue water bottle in the park,45
gold earring in the lounge,silver stud in the classroom,25
blue pen in the classroom,black marker in the library,30
black smartwatch in the park,silver fitness tracker in the gym,35
white tote in the cafe,black handbag in the shop,30
Found house keys with a red keychain in the library,car keys in the parking lot,25
red lipstick in the restroom,lip balm in the purse,20
green backpack in the hallway,black suitcase in the airport,15
silver USB in the lab,black hard drive in the office,30
black jacket in the auditorium,gray coat in the library,35
Found blue socks in the laundry,black socks in the gym,25
brown wallet in the park,blue purse in the cafe,30
silver mouse in the office,black keyboard in the lab,35
black umbrella in the subway,green umbrella in the bus,25
red notebook in the lounge,blue journal in the classroom,30
Found生的 a silver bracelet in the gym,gold chain in the park,25
black charger in the classroom,white cable in the library,35
blue scarf in the cafeteria,red scarf in the hallway,30
black flashlight in the lot,silver torch in the park,40
Found white sneakers in the locker room,black trainers in the gym,35
green folder in the library,black binder in the office,30
black hair tie in the hall,brown scrunchie in the restroom,25
silver pen in the lecture hall,gold pen in the classroom,30
red thermos in the kitchen,black mug in the lounge,35
blue sleeve in the laptop,black case in the laptop,30
pair of mittens,scarf in the park,25
blue cardholder,wallet in the street,40
brown keychain,key in the cafe,30
yellow raincoat,blue jacket in the hallway,25
black iPhone with a clear case in the library,black iPhone with a blue case in the park,60
blue water bottle with a logo in the gym,blue bottle with a sticker in the fitness center,65
silver keychain with a car fob in the lot,silver keychain with a remote in the street,70
Found wireless earbuds in a gray case in the subway,black wireless earbuds in a case on the train,62
red backpack in the classroom,red bag with a laptop in the lecture hall,75
black phone with a cracked screen in the cafe,black smartphone with a cracked display in the shop,80
gold watch with a leather strap in the library,gold watch with a brown band in the lounge,78
blue notebook in the study room,blue spiral notebook in the library,70
green umbrella in the hallway,dark green umbrella in the building,68
Found black gloves in the cafeteria,dark gloves in the dining hall,64
silver charger in the lounge,silver power adapter in the study area,72
Found sunglasses in a case in the park,pair of shades with a pouch in the fountain,66
brown purse in the cafe,small brown bag in the coffee shop,75
white USB in the computer lab,white flash drive in the tech room,70
gray hoodie in the park,grey sweatshirt in the park area,80
blue cardholder in the store,blue card wallet in the shop,78
Found prescription glasses in the library,black-framed glasses in the study room,65
Silver ring with a stone in the gym,silver ring with a gem in the fitness center,70
black cap in the bus,dark baseball hat in the transport,68
brown journal in the classroom,brown leather notebook in the lecture hall,75
pink phone case in the park,pink sparkly case in the park,80
black duffel in the locker room,black gym bag in the gym,78
yellow highlighter in the classroom,yellow marker pen in the class,70
black remote in the common room,dark remote in the lounge area,65
red scarf in the cafe,red patterned scarf in the coffee shop,72
silver necklace in the hallway,silver chain in the corridor hall,68
lunchbox in the break room,green lunch container in the kitchen,75
bike lock in the street,combination lock for bike in the rack,70
white cable in the office,white charger cord in the workplace,80
blue folder in the study room,blue document folder in the library,78
Found brown shoes in the locker room,dark brown shoes in the changing room,65
black makeup bag in the bathroom,black cosmetic pouch in the restroom,80
red key in the park,red-tagged key in the parking lot,70
gray beanie in the subway,grey knit cap in the train,68
black belt in the restroom,black leather belt in the bathroom,75
purple water bottle in the park,purple bottle with a straw in the park,60
gold earring in the classroom,gold stud earring in the class,65
blue pen in the library,blue ink pen in the study area,70
black smartwatch in the gym,black fitness tracker in the fitness center,78
white tote in the shop,white patterned bag in the store,75
Found house keys in the cafe,keys with a blue keychain in the coffee shop,62
red lipstick in the lounge,red lip color in the common room,70
green backpack in the library,green bag in the study hall,68
silver USB in the office,silver USB splitter in the workplace,75
Found in a black jacket in the classroom,dark jacket in the lecture hall,80
Found blue socks in the washroom,pair of blue socks in the laundry,78
small wallet in the cafe,brown small purse in the coffee shop,70
silver mouse in the lab,white computer mouse in the tech room,60
black umbrella in the library,black umbrella with a logo in the study area,65
Found_completion a red notebook in the classroom,red journal with notes in the class,70
silver bracelet in the park,silver charm bracelet in the park area,80
black charger in the study room,black short cable in the library,75
blue scarf in the hallway,blue striped scarf in the corridor hallway,78
small flashlight in the lot,black torch in the parking area,70
Found white sneakers in the gym,white athletic shoes in the fitness center gym,65
green folder in the library,green document binder in the study room,70
blackBib hair tie in the bathroom,black elastic hair tie in the restroom,75
silver pen in the class,silver branded pen in the lecture hall,80
red thermos in the break room,red insulated bottle in the kitchen area,78
blue sleeve in the laptop,blue laptop cover in the study room,60
pair of mittens,pair of gloves in the hallway,65
cardholder,blue card case in the cafe,70
brown keychain,brown key holder in the shop store,75
yellow raincoat,yellow rain jacket in the corridor hallway,80
black iPhone with a pop socket in the park,black iPhone with a grip in the garden,85
blue water bottle with a carabiner in the classroom,blue bottle with a clip in the lecture room,88
silver keychain with a bottle opener in the gym,silver keychain with a tool in the fitness center,87
Found wireless earbuds in a blue case in the library,blue-cased wireless earphones in the study hall,90
red backpack with a front pocket in the cafeteria,red bag with a zipper pocket in the dining hall,89
black phone with a green case in the subway,black phone with a lime cover in the train,60
gold watch with a mesh band in the lounge,gold watch with a metal strap in the common room,85
blue notebook with a pen loop in the classroom,blue notebook with a pen holder in the lecture hall,87
green umbrella with a floral pattern in the park,green floral umbrella in the garden,90
Found black gloves with touchscreen tips in the bus,black touchscreen gloves on the bus,88
silver charger with a braided cable in the office,silver braided charger in the workplace,89
Found sunglasses with a leather case in the cafe,pair of shades with a case in the coffee shop,85
brown purse with a shoulder strap in the library,brown handbag with a strap in the study area,87
white USB drive with a lanyard in the lab,white USB with a strap in the tech room,90
gray hoodie with a kangaroo pocket in the classroom,grey sweatshirt with a pouch in the lecture hall,88
blue cardholder with a logo in the park,blue card wallet with an emblem in the park,85
Found prescription glasses with a red case in the lounge,red-cased glasses in the common room,87
silver ring with a black stone in the cafeteria,silver ring with a dark gem in the dining hall,90
black cap with a logo in the gym,black hat with an emblem in the fitness center,88
brown journal with a bookmark in the bus,brown notebook with a ribbon in the transport,85
pink phone case with a pop socket in the classroom,pink case with a grip in the lecture hall,87
black duffel bag with a shoe pocket in the park,black gym bag with a shoe slot in the park,90
yellow highlighter with a cap in the library,yellow marker with a lid in the study room,88
black remote with a red button in the cafeteria,dark remote with a red key in the dining hall,85
red scarf with a fringe in the subway,red fringed scarf in the train,87
silver necklace with a cross pendant in the park,silver cross necklace in the garden,90
green lunchbox with a handle in the office,green lunch container with a grip in the workplace,88
bike lock with a key in the bike rack,keyed bike lock at the rack,85
white charger cable with a clip in the classroom,white charging cord with a holder in the lecture hall,87
blue folder with a clasp in the library,blue binder with a clip in the study room,90
Found brown leather shoes with laces in the gym,brown laced shoes in the fitness center,88
black makeup bag with a zipper in the cafe,black zippered cosmetic bag in the coffee shop,85
red key with a rubber grip in the lounge,red key with a soft grip in the common room,87
gray beanie with a patch in the library,grey knit cap with a badge in the study hall,90
black belt with a gold buckle in the classroom,black belt with a gold clasp in the lecture hall,88
purple water bottle with a loop in the park,purple bottle with a handle in the park,85
gold earring with a drop in the cafeteria,gold dangling earring in the dining hall,87
blue pen with a rubber grip in the office,blue pen with a soft grip in the workplace,90
black smartwatch with a silicone band in the library,black fitness tracker with a rubber band in the study room,88
white tote bag with a logo in the subway,white bag with a brand emblem in the train,85
Found house keys with a leather fob in the park,keys with a leather tag in the garden,87
red lipstick with a silver case in the library,red lip color in a silver tube in the study hall,90
green backpack with a laptop slot in the classroom,green bag with a laptop pocket in the lecture hall,88
silver USB hub with ports in the lab,silver USB splitter with ports in the tech room,85
black jacket with a zipper in the cafeteria,black zip-up jacket in the dining hall,87
Found blue socks with a pattern in the gym,blue patterned socks in the fitness center,90
small brown wallet with a coin pocket in the library,brown small purse with a coin slot in the study hall,88
white wireless mouse with a dongle in the classroom,white computer mouse with a receiver in the lecture hall,85
black umbrella with a wrist strap in the park,black umbrella with a loop in the garden,87
red notebook with a hard cover in the office,red journal with a stiff cover in the workplace,90
silver bracelet with a clasp in the subway,silver charm bracelet with a lock in the train,88
black phone charger with a long cord in the library,black charger with an extended cable in the study hall,85
blue scarf with a check pattern in the classroom,blue checkered scarf in the lecture hall,87
black flashlight with a clip in the cafeteria,black torch with a hook in the dining hall,90
Found white sneakers with a logo in the library,white branded sneakers in the study hall,88
green folder with a pocket in the park,green binder with a sleeve in the garden,85
black hair tie with a bead in the subway,black elastic with a decoration in the train,87
silver pen with a clip in the cafeteria,silver pen with a holder in the dining hall,90
red thermos with a cap in the library,red insulated bottle with a lid in the study hall,88
blue laptop sleeve with a zipper in the classroom,blue laptop cover with a zip in the lecture hall,85
pair of black mittens with a string in the park,pair of black gloves with a cord in the garden,87
blue cardholder with a flap in the library,blue card case with a cover in the study hall,90
brown leather keychain with a loop in the cafeteria,brown keyholder with a ring in the dining hall,88
yellow raincoat with a zipper in the subway,yellow rain jacket with a zip in the train,85
black earbud case with a logo in the classroom,black earphone case with a brand mark in the lecture hall,87
Black backpack with mesh pocket in lecture hall,Black bag with netted pocket in classroom,90
Silver laptop with sticker on lid in library,Silver laptop with decal in study area,88
Red water bottle with flip-top in gym,Red bottle with flip cap at fitness center,92
Set of keys with green fob in cafeteria,Keys with green tag in dining hall,87
Pair of white earbuds in clear case in bus,White earphones in transparent case on bus,91
Brown leather wallet with logo in park,Brown wallet with emblem in park,89
Black smartwatch with rubber strap in classroom,Black fitness tracker with rubber band in lecture hall,90
Blue sunglasses with polarized lenses in coffee shop,Blue shades with polarized lenses in cafe,88
Green notebook with elastic band in lounge,Green journal with elastic strap in common room,87
Black umbrella with curved handle in subway,Black umbrella with hooked handle in train,91
Pair of gray sneakers with white laces in locker room,Gray trainers with white laces in gym,89
Silver necklace with star pendant in restroom,Silver necklace with star charm in bathroom,90
Black phone charger with LED indicator in library,Black charging cable with light in study room,88
Red scarf with tassels in hallway,Red scarf with fringes in corridor,87
Blue plastic lunchbox with compartments in kitchen,Blue lunch container with sections in break room,91
Silver USB drive with keyring in computer lab,Silver flash drive with loop in tech room,89
White hoodie with drawstrings in auditorium,White sweatshirt with cords in lecture hall,90
Black leather belt with square buckle in store,Black belt with square clasp in shop,88
Purple water bottle with handle in park,Purple bottle with grip in park,87
Gold stud earring in classroom,Gold stud earring in lecture hall,91
Blue ballpoint pen with logo in office,Blue pen with brand mark in workplace,89
Black wireless mouse in study room,Black computer mouse in library,90
White tote bag with canvas straps in cafe,White bag with canvas handles in coffee shop,88
Set of house keys with red tag in library,Keys with red tag in study area,87
Red lipstick in matte case in restroom,Red lip color in matte tube in bathroom,91
Green backpack with side pockets in classroom,Green bag with side compartments in lecture hall,89
Silver USB hub with four ports in lab,Silver USB splitter with ports in tech room,90
Black jacket with side pockets in cafeteria,Black coat with pockets in dining hall,88
Pair of blue socks with stripes in laundry room,Blue striped socks in washroom,87
Small brown wallet with snap button in park,Brown purse with snap closure in park,91
White earphones with mic in bus,Black earbuds with microphone in subway,60
Blue water bottle with logo in gym,Red bottle with sticker in fitness center,62
Silver keychain with car fob in lot,Black keychain with remote in street,65
Wireless earbuds in gray case in library,Black wireless earphones in case in study hall,68
Red backpack with front zipper in classroom,Blue bag with laptop pocket in lecture hall,70
Black smartphone with cracked screen in cafe,Silver phone with broken display in shop,75
Gold watch with leather band in lounge,Silver watch with metal strap in common room,60
Blue notebook with spiral binding in classroom,Green journal with clasp in library,62
Green umbrella with floral pattern in park,Black umbrella with logo in garden,65
Black gloves with touchscreen tips in bus,Red mittens in subway,68
Silver charger with short cable in office,Black power adapter in workplace,70
Sunglasses with soft case in cafe,Reading glasses in pouch in coffee shop,60
Brown purse with shoulder strap in library,Black handbag with strap in study area,62
White USB drive with cap in lab,Black flash drive in tech room,65
Gray hoodie with logo in classroom,Blue sweatshirt in lecture hall,68
Blue cardholder with logo in park,Black wallet with emblem in park,70
Prescription glasses with black frame in lounge,Contact lenses in case in common room,60
Silver ring with blue stone in cafeteria,Gold ring with gem in dining hall,62
Black cap with patch in gym,Red beanie in fitness center,65
Brown journal with ribbon in bus,Black planner in transport,68
Pink phone case with glitter in classroom,Clear phone case in lecture hall,70
Black duffel bag with shoe pocket in park,Green gym bag in park,60
Yellow highlighter with cap in library,Black marker in study room,62
Black remote with buttons in cafeteria,Silver remote in dining hall,65
Red scarf with polka dots in hallway,Blue scarf in corridor,68
Silver necklace with heart pendant in park,Gold chain in garden,70
Green lunchbox with handle in office,Blue lunch container in workplace,60
Bike lock with combination in bike rack,Bike helmet in street,62
White charger cable with clip in classroom,Black charging cord in lecture hall,65
Blue folder with clasp in library,Red binder in study room,68
Brown leather shoes with laces in gym,Black boots in fitness center,70
Black makeup bag with zipper in cafe,Toiletry kit in coffee shop,60
Red key with rubber grip in lounge,Silver keychain in common room,62
Gray beanie with logo in subway,Black cap in train,65
Black belt with gold buckle in restroom,Brown belt in bathroom,68
Purple water bottle with straw in park,Blue bottle in park,70
Gold drop earring in classroom,Silver stud in lecture hall,60
Blue pen with rubber grip in office,Black pen in workplace,62
Black smartwatch with silicone band in library,Silver fitness tracker in study room,65
White tote bag with logo in subway,Black bag in train,68
House keys with leather fob in park,Car keys in garden,70
Red lipstick with silver case in library,Lip balm in study hall,60
Green backpack with laptop slot in classroom,Black suitcase in lecture hall,62
Silver USB hub in lab,Black hard drive in tech room,65
Black jacket with zipper in cafeteria,Gray coat in dining hall,68
Blue socks with pattern in gym,Black socks in fitness center,70
Small brown wallet with coin pocket in library,Blue purse in study hall,60
White wireless mouse with dongle in classroom,Black keyboard in lecture hall,62
Black umbrella with wrist strap in park,Green umbrella in garden,65
Red notebook with hard cover in office,Blue journal in workplace,68
Silver bracelet with clasp in subway,Gold chain in train,70
Black phone charger with long cord in library,White charger in study room,60
Blue scarf with check pattern in classroom,Red scarf in lecture hall,62
Black flashlight with clip in cafeteria,Silver torch in dining hall,65
White sneakers with logo in library,Black trainers in study hall,68
Green folder with pocket in park,Black binder in garden,70
Black hair tie with bead in subway,Brown scrunchie in train,60
Silver pen with clip in cafeteria,Gold pen in dining hall,62
Red thermos with cap in library,Black mug in study room,65
Blue laptop sleeve with zipper in classroom,Black laptop cover in lecture hall,68
Pair of black mittens with string in park,Pair of gloves in garden,70
Blue cardholder with flap in library,Blue card case in study hall,60
Brown leather keychain with loop in cafeteria,Brown keyholder in dining hall,62
Yellow raincoat with zipper in subway,Yellow rain jacket in train,65
Black earbud case with logo in classroom,Black earphone case in lecture hall,68
Black iPhone with pop socket in park,Black iPhone with grip in garden,85
Blue water bottle with carabiner in classroom,Blue bottle with clip in lecture room,88
Silver keychain with bottle opener in gym,Silver keychain with tool in fitness center,87
Wireless earbuds in blue case in library,Blue-cased wireless earphones in study hall,90
Red backpack with front pocket in cafeteria,Red bag with zipper pocket in dining hall,89
Black phone with green case in subway,Black phone with lime cover in train,85
Gold watch with mesh band in lounge,Gold watch with metal strap in common room,88
Blue notebook with pen loop in classroom,Blue notebook with pen holder in lecture hall,87
Green umbrella with floral pattern in park,Green floral umbrella in garden,90
Black gloves with touchscreen tips in bus,Black touchscreen gloves on bus,88
Silver charger with braided cable in office,Silver braided charger in workplace,89
Sunglasses with leather case in cafe,Shades with case in coffee shop,85
Brown purse with shoulder strap in library,Brown handbag with strap in study area,87
White USB drive with lanyard in lab,White USB with strap in tech room,90
Gray hoodie with kangaroo pocket in classroom,Grey sweatshirt with pouch in lecture hall,88
Blue cardholder with logo in park,Blue card wallet with emblem in park,85
Prescription glasses with red case in lounge,Red-cased glasses in common room,87
Silver ring with black stone in cafeteria,Silver ring with dark gem in dining hall,90
Black cap with logo in gym,Black hat with emblem in fitness center,88
Brown journal with bookmark in bus,Brown notebook with ribbon in transport,85
Pink phone case with pop socket in classroom,Pink case with grip in lecture hall,87
Black duffel bag with shoe pocket in park,Black gym bag with shoe slot in park,90
Yellow highlighter with cap in library,Yellow marker with lid in study room,88
Black remote with red button in cafeteria,Dark remote with red key in dining hall,85
Red scarf with fringe in subway,Red fringed scarf in train,87
Silver necklace with cross pendant in park,Silver cross necklace in garden,90
Green lunchbox with handle in office,Green lunch container with grip in workplace,88
Bike lock with key in bike rack,Keyed bike lock at rack,85
White charger cable with clip in classroom,White charging cord with holder in lecture hall,87
Blue folder with clasp in library,Blue binder with clip in study room,90
Brown leather shoes with laces in gym,Brown laced shoes in fitness center,88
Black makeup bag with zipper in cafe,Black zippered cosmetic bag in coffee shop,85
Red key with rubber grip in lounge,Red key with soft grip in common room,87
Gray beanie with patch in library,Grey knit cap with badge in study hall,90
Black belt with gold buckle in classroom,Black belt with gold clasp in lecture hall,88
Purple water bottle with loop in park,Purple bottle with handle in park,85
Gold earring with drop in cafeteria,Gold dangling earring in dining hall,87
Blue pen with rubber grip in office,Blue pen with soft grip in workplace,90
Black smartwatch with silicone band in library,Black fitness tracker with rubber band in study room,88
White tote bag with logo in subway,White bag with brand emblem in train,85
House keys with leather fob in park,Keys with leather tag in garden,87
Red lipstick with silver case in library,Red lip color in silver tube in study hall,90
Green backpack with laptop slot in classroom,Green bag with laptop pocket in lecture hall,88
Silver USB hub with ports in lab,Silver USB splitter with ports in tech room,85
Black jacket with zipper in cafeteria,Black zip-up jacket in dining hall,87
Blue socks with pattern in gym,Blue patterned socks in fitness center,90
Small brown wallet with coin pocket in library,Brown small purse with coin slot in study hall,88
White wireless mouse with dongle in classroom,White computer mouse with receiver in lecture hall,85
Black umbrella with wrist strap in park,Black umbrella with loop in garden,87
Red notebook with hard cover in office,Red journal with stiff cover in workplace,90
Silver bracelet with clasp in subway,Silver charm bracelet with lock in train,88
Black phone charger with long cord in library,Black charger with extended cable in study hall,85
Blue scarf with check pattern in classroom,Blue checkered scarf in lecture hall,87
Black flashlight with clip in cafeteria,Black torch with hook in dining hall,90
White sneakers with logo in library,White branded sneakers in study hall,88
Black leather wallet with zipper in library,Blue nylon wallet in park,30
Blue water bottle with logo in gym,Red thermos in classroom,35
Silver keychain with car fob in cafeteria,Black keyring in subway,25
Wireless earbuds in white case in bus,Black wired headphones in lecture hall,40
Red backpack with laptop sleeve in classroom,Green duffel bag in gym,20
Black iPhone with cracked screen in park,Silver Samsung phone in library,45
Gold watch with leather strap in lounge,Black smartwatch in cafeteria,30
Blue notebook with spiral binding in study room,Green journal in office,35
Green umbrella with wooden handle in cafe,Black raincoat in hallway,15
Black gloves in subway platform,Red scarf in bus,25
Silver laptop charger in computer lab,Black USB drive in classroom,40
Black sunglasses with hard case in fountain area,Reading glasses in lounge,30
Brown purse with gold clasp in restroom,Black handbag in cafe,35
White USB drive with red cap in library,Black external drive in lab,25
Gray hoodie with logo in locker room,Blue jacket in park,45
Blue credit card holder near ATM,Black wallet in store,30
Prescription glasses with black frame in lecture hall,Contact lenses in restroom,20
Silver ring with blue stone on sidewalk,Gold necklace in gym,15
Black baseball cap with red logo in park,Red beanie in bus stop,35
Tangled earphones in bus,Bluetooth speaker in subway,25
Brown leather journal with strap in bookstore,Black planner in library,40
Pink phone case with glitter in cafeteria,Clear phone case in park,30
Black duffel bag with side pocket in gym,Green backpack in classroom,35
Yellow highlighter pen on library table,Black marker in lounge,25
Black remote control in lounge,Silver keychain in parking lot,20
Red scarf with white polka dots in hallway,Blue scarf in cafeteria,30
Silver necklace with heart pendant in classroom,Gold ring in park,15
Green plastic lunchbox in kitchen,Red thermos in break room,40
Black bike lock with combination in bike rack,Bike helmet in street,25
White charger cable with frayed end in study room,Black charger in office,35
Blue folder with papers in office,Red binder in library,30
Brown leather shoes in changing room,Black boots in gym,25
Black makeup bag in restroom,Toiletry kit in locker room,40
Red key with plastic tag in parking lot,Silver keychain in cafe,20
Gray beanie with logo in bus,Black cap in park,35
Black leather belt with silver buckle in store,Brown belt in restroom,30
Purple water bottle with straw in gym,Blue bottle in park,45
Gold earring on carpet in lounge,Silver stud in classroom,25
Blue pen with chewed cap in classroom,Black marker in library,30
Black smartwatch with cracked face in park,Silver fitness tracker in gym,35
White tote bag with floral pattern in cafe,Black handbag in shop,30
House keys with blue keychain in library,Car keys in parking lot,25
Red lipstick in gold case in restroom,Lip balm in purse,20
Green backpack with broken strap in hallway,Black suitcase in airport,15
Silver USB hub in computer lab,Black hard drive in office,30
Black jacket with hood in auditorium,Gray coat in library,35
Blue socks in laundry room,Black socks in gym,25
Small brown wallet with button clasp in park,Blue purse in cafe,30
White wireless mouse in office,Black keyboard in lab,35
Black umbrella with broken rib in subway,Green umbrella in bus,25
Red notebook with sticker in lounge,Blue journal in classroom,30
Silver bracelet with charms in gym,Gold chain in park,25
Black phone charger with short cord in classroom,White cable in library,35
Blue scarf with stripes in cafeteria,Red scarf in hallway,30
Black flashlight in parking lot,Silver torch in park,40
White sneakers with red laces in locker room,Black trainers in gym,35
Green folder with logo in study room,Black binder in office,30
Black hair tie with metal clip in restroom,Brown scrunchie in bathroom,25
Silver pen with logo in lecture hall,Gold pen in classroom,30
Red thermos with black lid in kitchen,Black mug in lounge,35
Blue laptop sleeve in bus,Black laptop case in classroom,30
Black mittens in park,Red scarf in garden,25
Blue plastic cardholder on sidewalk,Black wallet in cafe,40
Brown leather keychain in coffee shop,Silver keyholder in shop,30
Yellow raincoat with hood in hallway,Blue jacket in corridor,25
Silver earbud case with carabiner in gym,Black earphone case in library,35
Black iPhone with clear case in classroom,Silver iPhone with blue case in park,45
Blue water bottle with sticker in lounge,Red bottle with logo in gym,30
Silver keychain with remote in lot,Black keychain with fob in street,25
Wireless earbuds in gray case in subway,Black wired earphones in bus,40
Red backpack in lecture hall,Blue duffel bag in cafeteria,20
Black smartphone with cracked screen in cafe,Silver phone with clear case in library,45
Gold watch with metal strap in lounge,Black fitness tracker in gym,30
Blue notebook in study room,Green journal in classroom,35
Green umbrella in hallway,Black raincoat in cafeteria,15
Black gloves in bus,Red mittens in subway,25
Silver charger in office,Black USB drive in library,40
Sunglasses with soft case in park,Reading glasses in classroom,30
Brown purse in library,Black handbag in cafe,35
White USB drive in lab,Black flash drive in classroom,25
Gray hoodie in park,Blue sweatshirt in library,45
Blue cardholder in store,Black wallet in park,30
Prescription glasses in lounge,Contact lenses in bathroom,20
Silver ring in cafeteria,Gold necklace in gym,15
Black cap in bus,Red beanie in park,35
Brown journal in classroom,Black planner in library,40
Pink phone case in park,Clear phone case in cafeteria,30
Black duffel bag in locker room,Green backpack in gym,35
Yellow highlighter in classroom,Black marker in library,25